,current_class,degree_program,required_class,prior_acty_open_house,prior_acty_instant_decision_day,prior_acty_on-campus_info_session,prior_acty_Titans_Tuesday_virtual,prior_acty_Women_Who_Dare,prior_acty_regional_college_fair,cmp_interest,gender,race,age
0,CMP 126 Computer Technology and Applications,Liberal Arts,0,1,1,0,0,0,1,2,Prefer not to say,Multi-Racial,19-20
1,CMP 126 Computer Technology and Applications,child psychology ,1,0,0,0,0,0,0,3,Woman,Hispanic or Latino,19-20
2,CMP 126 Computer Technology and Applications,Broadcasting Arts and Technology,1,0,0,0,0,0,0,5,Man,Choose not to reply,18 and younger
3,CMP 126 Computer Technology and Applications,analyst,0,1,0,0,0,0,0,3,Man,Hispanic or Latino,19-20
4,CMP 101 Computer Information Literacy,Journalism,1,0,0,0,0,0,0,3,Woman,White/Caucasian,19-20
5,CMP 101 Computer Information Literacy,Liberal Arts,1,0,0,0,1,0,0,3,Woman,White/Caucasian,19-20
6,CMP 101 Computer Information Literacy,Early Childhood Education,0,0,0,0,0,0,0,3,Woman,Hispanic or Latino,19-20
7,CMP 101 Computer Information Literacy,Nursing,1,0,0,0,0,0,0,3,Woman,Multi-Racial,18 and younger
8,CMP 126 Computer Technology and Applications,Liberal Arts,1,0,0,0,0,0,0,2,Woman,White/Caucasian,19-20
9,CMP 101 Computer Information Literacy,Liberal Arts,1,0,0,0,0,0,0,1,Woman,White/Caucasian,19-20
10,CMP 101 Computer Information Literacy,Nursing,1,0,0,0,0,0,0,2,Woman,Asian,25-34
11,CMP 135 Computer Concepts with Applications,Radiography,1,0,0,1,0,0,0,2,Woman,Multi-Racial,21-24
12,CMP 135 Computer Concepts with Applications,Radiography,1,0,0,1,0,0,0,2,Woman,Multi-Racial,21-24
13,CMP 135 Computer Concepts with Applications,Radiography,1,0,0,1,1,0,0,1,Woman,White/Caucasian,21-24
14,CMP 135 Computer Concepts with Applications,Radiography,1,0,0,0,0,0,0,2,Non-binary,White/Caucasian,18 and younger
15,CMP 135 Computer Concepts with Applications,Exercise Science,1,0,0,0,0,0,0,2,Man,White/Caucasian,19-20
16,CMP 135 Computer Concepts with Applications,Radiography,1,0,0,0,0,0,0,2,Woman,White/Caucasian,18 and younger
17,CMP 135 Computer Concepts with Applications,Exercise Science,1,0,0,0,0,0,0,2,Man,White/Caucasian,18 and younger
18,CMP 135 Computer Concepts with Applications,Radiography,1,0,0,1,0,0,0,4,Woman,Hispanic or Latino,18 and younger
19,CMP 135 Computer Concepts with Applications,Engineering Science,1,0,0,0,0,0,0,2,Man,Multi-Racial,19-20
20,CMP 135 Computer Concepts with Applications,Radiography,1,1,0,0,1,0,0,3,Woman,White/Caucasian,18 and younger
21,CMP 135 Computer Concepts with Applications,Engineering Science,1,1,0,1,0,0,0,2,Man,Multi-Racial,19-20
22,CMP 135 Computer Concepts with Applications,Radiography,1,0,0,0,0,0,0,2,Man,White/Caucasian,25-34
23,CMP 101 Computer Information Literacy,Radiography,1,0,0,0,0,0,0,3,Man,Hispanic or Latino,25-34
24,CMP 135 Computer Concepts with Applications,Radiography,1,0,0,0,0,0,0,5,Woman,Hispanic or Latino,19-20
25,CMP 135 Computer Concepts with Applications,Music Technology,1,1,0,0,0,0,0,2,Man,Multi-Racial,18 and younger
26,CMP 135 Computer Concepts with Applications,Nursing,1,0,0,0,0,0,0,2,Woman,White/Caucasian,19-20
27,CMP 135 Computer Concepts with Applications,Engineering Science,1,1,0,1,0,0,0,2,Man,White/Caucasian,19-20
28,CMP 135 Computer Concepts with Applications,Radiography,1,0,0,1,0,0,0,3,Man,Multi-Racial,25-34
29,CMP 135 Computer Concepts with Applications,Radiography,1,0,0,0,1,0,0,2,Woman,Hispanic or Latino,21-24
30,CMP 135 Computer Concepts with Applications,Radiography,1,0,0,0,0,0,0,2,Woman,Hispanic or Latino,21-24
31,CMP 135 Computer Concepts with Applications,Radiography,1,0,0,0,0,0,0,4,Woman,Multi-Racial,18 and younger
32,CMP 135 Computer Concepts with Applications,Radiography,1,1,0,1,0,0,0,1,Woman,Multi-Racial,18 and younger
33,CMP 101 Computer Information Literacy,Liberal Arts,1,0,0,0,0,0,0,3,Man,White/Caucasian,35-64
34,CMP 101 Computer Information Literacy,"Nursing, but not at CCM - I am a visiting student ",0,0,0,0,0,0,0,1,Woman,Multi-Racial,21-24
35,CMP 135 Computer Concepts with Applications,Radiography,1,0,0,0,0,0,0,1,Man,White/Caucasian,19-20
36,CMP 135 Computer Concepts with Applications,Radiography,1,0,0,0,0,0,0,3,Man,Black/African American,21-24
37,CMP 135 Computer Concepts with Applications,Liberal Arts,1,0,0,0,0,0,0,1,Man,White/Caucasian,19-20
38,CMP 135 Computer Concepts with Applications,Psychology,0,0,0,0,0,0,0,3,Woman,White/Caucasian,19-20
39,CMP 135 Computer Concepts with Applications,Radiography,1,0,0,0,0,0,0,2,Woman,Hispanic or Latino,19-20
40,CMP 135 Computer Concepts with Applications,Nursing,1,0,0,0,0,0,0,5,Woman,Hispanic or Latino,21-24
41,CMP 135 Computer Concepts with Applications,Radiography,1,0,0,0,0,0,0,5,Woman,Multi-Racial,18 and younger
42,CMP 135 Computer Concepts with Applications,Criminal Justice,1,1,1,1,0,0,0,1,Woman,Black/African American,19-20
43,CMP 135 Computer Concepts with Applications,Not in a degree program,1,0,0,0,0,0,0,1,Woman,Hispanic or Latino,18 and younger
44,CMP 135 Computer Concepts with Applications,Radiography,1,0,0,0,0,0,0,5,Woman,Choose not to reply,25-34
45,CMP 135 Computer Concepts with Applications,Exercise Science,1,0,0,0,0,0,0,3,Woman,Hispanic or Latino,21-24
46,CMP 135 Computer Concepts with Applications,Exercise Science,1,0,0,0,0,0,0,3,Woman,Hispanic or Latino,21-24
47,CMP 101 Computer Information Literacy,Criminal Justice,1,0,0,0,0,0,0,3,Man,White/Caucasian,19-20
48,CMP 135 Computer Concepts with Applications,Radiography,1,0,0,0,0,0,0,4,Woman,White/Caucasian,19-20
49,CMP 135 Computer Concepts with Applications,Radiography,1,0,0,0,0,0,0,1,Man,Hispanic or Latino,19-20
50,CMP 101 Computer Information Literacy,Biology,1,1,0,1,0,0,0,4,Woman,Hispanic or Latino,19-20
51,CMP 135 Computer Concepts with Applications,Radiography,1,1,0,1,0,0,0,5,Woman,Hispanic or Latino,25-34
52,CMP 126 Computer Technology and Applications,Criminal Justice,1,0,0,0,0,0,0,3,Man,Black/African American,19-20
53,CMP 101 Computer Information Literacy,Liberal Arts,1,0,0,0,0,0,0,3,Man,White/Caucasian,35-64
54,CMP 126 Computer Technology and Applications,Broadcasting Arts and Technology,1,0,0,1,1,0,0,2,Woman,White/Caucasian,19-20
55,CMP 101 Computer Information Literacy,Liberal Arts,0,0,0,0,0,0,0,1,Woman,White/Caucasian,25-34
56,CMP 101 Computer Information Literacy,Not in a degree program,1,0,0,0,0,0,0,3,Woman,Hispanic or Latino,18 and younger
57,CMP 126 Computer Technology and Applications,Criminal Justice,1,0,0,0,0,0,0,4,Man,White/Caucasian,19-20
58,CMP 126 Computer Technology and Applications,Culinary Arts and Sciences,1,1,0,0,0,0,0,3,Man,Asian,21-24
59,CMP 135 Computer Concepts with Applications,Radiography,1,0,0,0,0,0,0,2,Woman,Black/African American,19-20
60,CMP 101 Computer Information Literacy,Nursing,1,0,0,0,0,0,0,3,Woman,Hispanic or Latino,21-24
61,CMP 126 Computer Technology and Applications,Broadcasting Arts and Technology,1,0,0,0,0,0,0,1,Prefer not to say,White/Caucasian,19-20
62,CMP 126 Computer Technology and Applications,Liberal Arts,1,1,0,0,0,0,0,1,Woman,Multi-Racial,19-20
63,CMP 135 Computer Concepts with Applications,Radiography,1,0,0,0,0,0,0,2,Woman,Multi-Racial,25-34
64,CMP 126 Computer Technology and Applications,Liberal Arts,0,0,0,0,0,0,0,3,Man,Hispanic or Latino,25-34
65,CMP 135 Computer Concepts with Applications,History Education,1,1,1,1,0,0,1,2,Man,White/Caucasian,19-20
66,CMP 126 Computer Technology and Applications,Not in a degree program,1,1,0,0,0,0,0,3,Woman,White/Caucasian,19-20
67,CMP 126 Computer Technology and Applications,Biology - Environmental Track,0,0,0,0,0,0,0,3,Man,Choose not to reply,19-20
68,CMP 101 Computer Information Literacy,Nursing,1,0,0,0,0,0,1,3,Woman,Black/African American,18 and younger
69,CMP 126 Computer Technology and Applications,Liberal Arts,1,1,0,1,1,0,0,2,Woman,Multi-Racial,19-20
70,CMP 126 Computer Technology and Applications,Liberal Arts,1,1,0,0,0,0,1,2,Woman,White/Caucasian,19-20
71,CMP 126 Computer Technology and Applications,Communication,1,1,0,1,0,0,1,1,Woman,Choose not to reply,19-20
72,CMP 101 Computer Information Literacy,Child and Family Studies,1,0,0,1,0,0,0,1,Woman,White/Caucasian,21-24
73,CMP 135 Computer Concepts with Applications,Radiography,1,0,0,0,0,0,0,3,Woman,Hispanic or Latino,21-24
74,CMP 126 Computer Technology and Applications,Musical Theatre,1,1,0,1,0,0,0,2,Woman,White/Caucasian,19-20
75,CMP 101 Computer Information Literacy,Nursing,1,1,0,1,0,0,0,3,Woman,Hispanic or Latino,19-20
76,CMP 101 Computer Information Literacy,Liberal Arts,1,0,0,0,0,0,0,3,Man,White/Caucasian,35-64
77,CMP 101 Computer Information Literacy,Liberal Arts,0,0,0,0,0,0,0,3,Man,White/Caucasian,35-64
78,CMP 126 Computer Technology and Applications,Liberal Arts,1,1,0,0,0,0,0,3,Woman,Hispanic or Latino,19-20
79,CMP 126 Computer Technology and Applications,Early Childhood Education,1,0,0,0,0,0,0,4,Woman,Hispanic or Latino,25-34
80,CMP 126 Computer Technology and Applications,Child and Family Studies,1,0,0,0,1,0,0,2,Woman,White/Caucasian,35-64
81,CMP 126 Computer Technology and Applications,Fire Science ,1,0,0,0,0,0,0,2,Man,White/Caucasian,21-24
82,CMP 126 Computer Technology and Applications,Criminal Justice,1,0,0,0,0,0,0,3,Man,White/Caucasian,19-20
83,CMP 126 Computer Technology and Applications,Child and Family Studies,1,0,0,0,0,0,0,1,Woman,White/Caucasian,19-20
84,CMP 126 Computer Technology and Applications,Child and Family Studies,1,0,0,0,0,0,0,1,Woman,Hispanic or Latino,19-20
85,CMP 126 Computer Technology and Applications,Liberal Arts,1,1,0,0,0,0,0,3,Woman,Choose not to reply,35-64
86,CMP 126 Computer Technology and Applications,Nursing,1,0,0,0,0,0,0,5,Woman,White/Caucasian,25-34
87,CMP 101 Computer Information Literacy,Early Childhood Education,1,0,0,0,0,0,0,3,Woman,Multi-Racial,21-24
88,CMP 126 Computer Technology and Applications,Liberal Arts,1,1,0,0,0,0,0,3,Woman,Hispanic or Latino,19-20
89,CMP 126 Computer Technology and Applications,Liberal Arts,1,1,0,1,0,0,0,1,Woman,Black/African American,19-20
90,CMP 101 Computer Information Literacy,Nursing,0,0,0,0,0,0,0,3,Man,Hispanic or Latino,19-20
91,CMP 126 Computer Technology and Applications,Child and Family Studies,1,0,0,0,1,0,0,5,Woman,Asian,21-24
