,year,current_class,degree_program,cmp_interest,gender,race,age
0,2024,CMP 126,Liberal Arts,2,Prefer not to say,Multi-Racial,19-20
1,2024,CMP 126,Other,3,Woman,Hispanic or Latino,19-20
2,2024,CMP 126,Art Technology Related,5,Man,Choose not to reply,18 and younger
3,2024,CMP 126,Other,3,Man,Hispanic or Latino,19-20
4,2024,CMP 101,Other,3,Woman,White/Caucasian,19-20
5,2024,CMP 101,Liberal Arts,3,Woman,White/Caucasian,19-20
6,2024,CMP 101,Psychology Related,3,Woman,Hispanic or Latino,19-20
7,2024,CMP 101,Nursing,3,Woman,Multi-Racial,18 and younger
8,2024,CMP 126,Liberal Arts,2,Woman,White/Caucasian,19-20
9,2024,CMP 101,Liberal Arts,1,Woman,White/Caucasian,19-20
10,2024,CMP 101,Nursing,2,Woman,Asian,25-34
11,2024,CMP 135,Radiography,2,Woman,Multi-Racial,21-24
12,2024,CMP 135,Radiography,2,Woman,Multi-Racial,21-24
13,2024,CMP 135,Radiography,1,Woman,White/Caucasian,21-24
14,2024,CMP 135,Radiography,2,Non-binary,White/Caucasian,18 and younger
15,2024,CMP 135,Exercise Science,2,Man,White/Caucasian,19-20
16,2024,CMP 135,Radiography,2,Woman,White/Caucasian,18 and younger
17,2024,CMP 135,Exercise Science,2,Man,White/Caucasian,18 and younger
18,2024,CMP 135,Radiography,4,Woman,Hispanic or Latino,18 and younger
19,2024,CMP 135,Other,2,Man,Multi-Racial,19-20
20,2024,CMP 135,Radiography,3,Woman,White/Caucasian,18 and younger
21,2024,CMP 135,Other,2,Man,Multi-Racial,19-20
22,2024,CMP 135,Radiography,2,Man,White/Caucasian,25-34
23,2024,CMP 101,Radiography,3,Man,Hispanic or Latino,25-34
24,2024,CMP 135,Radiography,5,Woman,Hispanic or Latino,19-20
25,2024,CMP 135,Art Technology Related,2,Man,Multi-Racial,18 and younger
26,2024,CMP 135,Nursing,2,Woman,White/Caucasian,19-20
27,2024,CMP 135,Other,2,Man,White/Caucasian,19-20
28,2024,CMP 135,Radiography,3,Man,Multi-Racial,25-34
29,2024,CMP 135,Radiography,2,Woman,Hispanic or Latino,21-24
30,2024,CMP 135,Radiography,2,Woman,Hispanic or Latino,21-24
31,2024,CMP 135,Radiography,4,Woman,Multi-Racial,18 and younger
32,2024,CMP 135,Radiography,1,Woman,Multi-Racial,18 and younger
33,2024,CMP 101,Liberal Arts,3,Man,White/Caucasian,35-64
34,2024,CMP 101,Other,1,Woman,Multi-Racial,21-24
35,2024,CMP 135,Radiography,1,Man,White/Caucasian,19-20
36,2024,CMP 135,Radiography,3,Man,Black/African American,21-24
37,2024,CMP 135,Liberal Arts,1,Man,White/Caucasian,19-20
38,2024,CMP 135,Psychology Related,3,Woman,White/Caucasian,19-20
39,2024,CMP 135,Radiography,2,Woman,Hispanic or Latino,19-20
40,2024,CMP 135,Nursing,5,Woman,Hispanic or Latino,21-24
41,2024,CMP 135,Radiography,5,Woman,Multi-Racial,18 and younger
42,2024,CMP 135,Criminal Justice,1,Woman,Black/African American,19-20
43,2024,CMP 135,Not in a degree program,1,Woman,Hispanic or Latino,18 and younger
44,2024,CMP 135,Radiography,5,Woman,Choose not to reply,25-34
45,2024,CMP 135,Exercise Science,3,Woman,Hispanic or Latino,21-24
46,2024,CMP 135,Exercise Science,3,Woman,Hispanic or Latino,21-24
47,2024,CMP 101,Criminal Justice,3,Man,White/Caucasian,19-20
48,2024,CMP 135,Radiography,4,Woman,White/Caucasian,19-20
49,2024,CMP 135,Radiography,1,Man,Hispanic or Latino,19-20
50,2024,CMP 101,Other,4,Woman,Hispanic or Latino,19-20
51,2024,CMP 135,Radiography,5,Woman,Hispanic or Latino,25-34
52,2024,CMP 126,Criminal Justice,3,Man,Black/African American,19-20
53,2024,CMP 101,Liberal Arts,3,Man,White/Caucasian,35-64
54,2024,CMP 126,Art Technology Related,2,Woman,White/Caucasian,19-20
55,2024,CMP 101,Liberal Arts,1,Woman,White/Caucasian,25-34
56,2024,CMP 101,Not in a degree program,3,Woman,Hispanic or Latino,18 and younger
57,2024,CMP 126,Criminal Justice,4,Man,White/Caucasian,19-20
58,2024,CMP 126,Other,3,Man,Asian,21-24
59,2024,CMP 135,Radiography,2,Woman,Black/African American,19-20
60,2024,CMP 101,Nursing,3,Woman,Hispanic or Latino,21-24
61,2024,CMP 126,Art Technology Related,1,Prefer not to say,White/Caucasian,19-20
62,2024,CMP 126,Liberal Arts,1,Woman,Multi-Racial,19-20
63,2024,CMP 135,Radiography,2,Woman,Multi-Racial,25-34
64,2024,CMP 126,Liberal Arts,3,Man,Hispanic or Latino,25-34
65,2024,CMP 135,Other,2,Man,White/Caucasian,19-20
66,2024,CMP 126,Not in a degree program,3,Woman,White/Caucasian,19-20
67,2024,CMP 126,Other,3,Man,Choose not to reply,19-20
68,2024,CMP 101,Nursing,3,Woman,Black/African American,18 and younger
69,2024,CMP 126,Liberal Arts,2,Woman,Multi-Racial,19-20
70,2024,CMP 126,Liberal Arts,2,Woman,White/Caucasian,19-20
71,2024,CMP 126,Communication,1,Woman,Choose not to reply,19-20
72,2024,CMP 101,Psychology Related,1,Woman,White/Caucasian,21-24
73,2024,CMP 135,Radiography,3,Woman,Hispanic or Latino,21-24
74,2024,CMP 126,Other,2,Woman,White/Caucasian,19-20
75,2024,CMP 101,Nursing,3,Woman,Hispanic or Latino,19-20
76,2024,CMP 101,Liberal Arts,3,Man,White/Caucasian,35-64
77,2024,CMP 101,Liberal Arts,3,Man,White/Caucasian,35-64
78,2024,CMP 126,Liberal Arts,3,Woman,Hispanic or Latino,19-20
79,2024,CMP 126,Psychology Related,4,Woman,Hispanic or Latino,25-34
80,2024,CMP 126,Psychology Related,2,Woman,White/Caucasian,35-64
81,2024,CMP 126,Other,2,Man,White/Caucasian,21-24
82,2024,CMP 126,Criminal Justice,3,Man,White/Caucasian,19-20
83,2024,CMP 126,Psychology Related,1,Woman,White/Caucasian,19-20
84,2024,CMP 126,Psychology Related,1,Woman,Hispanic or Latino,19-20
85,2024,CMP 126,Liberal Arts,3,Woman,Choose not to reply,35-64
86,2024,CMP 126,Nursing,5,Woman,White/Caucasian,25-34
87,2024,CMP 101,Psychology Related,3,Woman,Multi-Racial,21-24
88,2024,CMP 126,Liberal Arts,3,Woman,Hispanic or Latino,19-20
89,2024,CMP 126,Liberal Arts,1,Woman,Black/African American,19-20
90,2024,CMP 101,Nursing,3,Man,Hispanic or Latino,19-20
91,2024,CMP 126,Psychology Related,5,Woman,Asian,21-24
92,2023,CMP 101,Nursing,1,Woman,Hispanic or Latino,18 and younger
93,2023,CMP 101,Nursing,1,Woman,Hispanic or Latino,18 and younger
94,2023,CMP 101,Psychology Related,3,Woman,White/Caucasian,19-20
95,2023,CMP 126,Liberal Arts,1,Man,Hispanic or Latino,18 and younger
96,2023,CMP 126,Criminal Justice,3,Woman,White/Caucasian,19-20
97,2023,CMP 101,Nursing,3,Woman,White/Caucasian,18 and younger
98,2023,CMP 101,Psychology Related,1,Woman,White/Caucasian,35-64
99,2023,CMP 101,Nursing,3,Woman,White/Caucasian,19-20
100,2023,CMP 126,Psychology Related,3,Woman,Hispanic or Latino,19-20
101,2023,CMP 126,Liberal Arts,3,Man,White/Caucasian,25-34
102,2023,CMP 126,Psychology Related,1,Woman,White/Caucasian,35-64
103,2023,CMP 135,Criminal Justice,3,Man,Asian,19-20
104,2023,CMP 135,Criminal Justice,2,Woman,Hispanic or Latino,25-34
105,2023,CMP 135,Criminal Justice,3,Man,Hispanic or Latino,19-20
106,2023,CMP 135,Criminal Justice,3,Man,Hispanic or Latino,19-20
107,2023,CMP 135,Exercise Science,3,Man,White/Caucasian,19-20
108,2023,CMP 135,Radiography,2,Woman,White/Caucasian,19-20
109,2023,CMP 135,Exercise Science,2,Woman,White/Caucasian,19-20
110,2023,CMP 135,Radiography,3,Man,Multi-Racial,18 and younger
111,2023,CMP 135,Art Technology Related,4,,White/Caucasian,18 and younger
112,2023,CMP 135,Criminal Justice,1,Man,White/Caucasian,19-20
113,2023,CMP 135,Criminal Justice,3,Man,White/Caucasian,19-20
114,2023,CMP 135,Radiography,3,Man,Hispanic or Latino,21-24
115,2023,CMP 135,Radiography,3,Woman,White/Caucasian,18 and younger
116,2023,CMP 135,Radiography,1,Woman,White/Caucasian,21-24
117,2023,CMP 135,Criminal Justice,3,Man,Multi-Racial,19-20
118,2023,CMP 135,Criminal Justice,1,Prefer not to say,Choose not to reply,19-20
119,2023,CMP 135,Criminal Justice,2,Woman,Hispanic or Latino,19-20
120,2023,CMP 135,Criminal Justice,1,Man,White/Caucasian,21-24
121,2023,CMP 126,Liberal Arts,1,Man,White/Caucasian,19-20
122,2023,CMP 126,Psychology Related,5,Woman,Multi-Racial,21-24
123,2023,CMP 126,Liberal Arts,1,Woman,Choose not to reply,19-20
124,2023,CMP 126,Nursing,2,Man,White/Caucasian,18 and younger
125,2023,CMP 126,Liberal Arts,1,Woman,White/Caucasian,19-20
126,2023,CMP 101,Psychology Related,1,Woman,White/Caucasian,18 and younger
127,2023,CMP 101,Nursing,2,Woman,White/Caucasian,19-20
128,2023,CMP 126,Art Technology Related,1,Woman,White/Caucasian,21-24
129,2023,CMP 126,Liberal Arts,1,Man,White/Caucasian,35-64
130,2023,CMP 101,Psychology Related,3,Non-binary,Choose not to reply,18 and younger
131,2023,CMP 101,Nursing,3,Prefer not to say,Choose not to reply,35-64
132,2023,CMP 101,Liberal Arts,2,Woman,Hispanic or Latino,25-34
133,2023,CMP 101,Liberal Arts,3,Woman,White/Caucasian,19-20
134,2023,CMP 126,Art Technology Related,1,Man,Hispanic or Latino,21-24
135,2023,CMP 101,Psychology Related,4,Woman,Hispanic or Latino,21-24
136,2023,CMP 101,Psychology Related,4,Man,Asian,21-24
137,2023,CMP 126,Liberal Arts,5,Woman,Hispanic or Latino,19-20
138,2023,CMP 126,Communication,2,Man,Hispanic or Latino,19-20
139,2023,CMP 126,Art Technology Related,4,Man,Black/African American,19-20
140,2023,CMP 126,Art Technology Related,5,Prefer not to say,Choose not to reply,19-20
141,2023,CMP 126,Art Technology Related,5,Prefer not to say,Choose not to reply,19-20
142,2023,CMP 101,Psychology Related,3,Woman,Hispanic or Latino,19-20
143,2023,CMP 126,Other,3,Man,Multi-Racial,19-20
144,2023,CMP 101,Psychology Related,3,Woman,White/Caucasian,19-20
145,2023,CMP 101,Nursing,4,Man,Asian,21-24
146,2023,CMP 126,Psychology Related,2,Woman,White/Caucasian,21-24
147,2023,CMP 126,Criminal Justice,2,Woman,White/Caucasian,19-20
148,2023,CMP 101,Art Technology Related,2,Woman,Asian,19-20
149,2023,CMP 126,Psychology Related,2,Woman,White/Caucasian,35-64
150,2023,CMP 101,Liberal Arts,3,Woman,Multi-Racial,19-20
151,2023,CMP 101,Radiography,2,Woman,Hispanic or Latino,19-20
152,2023,CMP 101,Psychology Related,3,Woman,Asian,25-34
153,2023,CMP 101,Liberal Arts,5,Woman,White/Caucasian,35-64
154,2023,CMP 101,Liberal Arts,3,Man,White/Caucasian,19-20
155,2023,CMP 101,Liberal Arts,3,Man,White/Caucasian,19-20
156,2023,CMP 135,Criminal Justice,1,Man,White/Caucasian,19-20
157,2023,CMP 126,Art Technology Related,3,Man,Multi-Racial,19-20
158,2023,CMP 101,Liberal Arts,2,Man,White/Caucasian,19-20
159,2023,CMP 126,Communication,5,Non-binary,White/Caucasian,25-34
160,2023,CMP 126,Liberal Arts,3,Woman,Black/African American,19-20
161,2023,CMP 126,Criminal Justice,3,Woman,White/Caucasian,19-20
162,2023,CMP 126,Art Technology Related,3,Man,White/Caucasian,19-20
163,2023,CMP 101,Liberal Arts,3,Man,Hispanic or Latino,19-20
164,2023,CMP 101,Nursing,2,Woman,Choose not to reply,21-24
165,2023,CMP 126,Other,1,Man,White/Caucasian,35-64
166,2023,CMP 135,Criminal Justice,3,Woman,White/Caucasian,19-20
167,2023,CMP 135,Radiography,2,Woman,White/Caucasian,21-24
168,2023,CMP 135,Criminal Justice,3,Man,Multi-Racial,21-24
169,2023,CMP 135,Radiography,2,Woman,Hispanic or Latino,18 and younger
170,2023,CMP 135,Exercise Science,2,Man,Hispanic or Latino,19-20
171,2023,CMP 135,Exercise Science,1,Man,Choose not to reply,19-20
172,2023,CMP 135,Exercise Science,3,Man,Hispanic or Latino,19-20
173,2023,CMP 135,Criminal Justice,2,Woman,White/Caucasian,21-24
174,2023,CMP 135,Art Technology Related,1,Woman,White/Caucasian,19-20
175,2023,CMP 135,Exercise Science,1,Man,White/Caucasian,21-24
176,2023,CMP 135,Criminal Justice,2,Man,White/Caucasian,19-20
177,2023,CMP 135,Art Technology Related,1,,Choose not to reply,19-20
178,2023,CMP 135,Other,3,Man,White/Caucasian,19-20
179,2023,CMP 135,Criminal Justice,3,Woman,Hispanic or Latino,21-24
180,2023,CMP 101,Radiography,1,Woman,Hispanic or Latino,19-20
181,2023,CMP 135,Radiography,2,Woman,Multi-Racial,19-20
182,2023,CMP 135,Radiography,5,Man,White/Caucasian,35-64
183,2023,CMP 135,Criminal Justice,2,Man,Multi-Racial,19-20
184,2023,CMP 101,Radiography,3,Prefer not to say,Choose not to reply,25-34
185,2023,CMP 135,Criminal Justice,2,Woman,Multi-Racial,19-20
186,2023,CMP 135,Criminal Justice,2,Woman,Hispanic or Latino,25-34
187,2023,CMP 135,Criminal Justice,2,Man,Multi-Racial,21-24
188,2023,CMP 135,Radiography,4,Woman,White/Caucasian,25-34
189,2023,CMP 135,Radiography,3,Woman,White/Caucasian,18 and younger
190,2023,CMP 101,Criminal Justice,3,Man,White/Caucasian,25-34
191,2023,CMP 135,Other,2,Man,White/Caucasian,21-24
192,2023,CMP 135,Criminal Justice,1,Prefer not to say,Multi-Racial,19-20
193,2023,CMP 101,Nursing,3,Woman,White/Caucasian,21-24
194,2023,CMP 135,Radiography,5,Woman,Hispanic or Latino,25-34
195,2023,CMP 135,Art Technology Related,3,Man,Multi-Racial,21-24
196,2023,CMP 135,Other,2,Prefer not to say,Choose not to reply,21-24
197,2022,CMP 101,Psychology Related,3,Woman,Hispanic or Latino,18 and younger
198,2022,CMP 135,Other,3,Woman,White/Caucasian,21-24
199,2022,CMP 135,Radiography,4,Woman,White/Caucasian,19-20
200,2022,CMP 135,Exercise Science,1,Man,White/Caucasian,19-20
201,2022,CMP 101,Liberal Arts,3,Man,White/Caucasian,19-20
202,2022,CMP 101,Liberal Arts,2,Woman,White/Caucasian,19-20
203,2022,CMP 101,Nursing,1,Woman,Hispanic or Latino,18 and younger
204,2022,CMP 101,Nursing,4,Woman,Black/African American,25-34
205,2022,CMP 101,Nursing,4,Woman,Black/African American,25-34
206,2022,CMP 101,Nursing,3,Woman,Hispanic or Latino,19-20
207,2022,CMP 101,Nursing,3,Woman,Hispanic or Latino,21-24
208,2022,CMP 101,Liberal Arts,2,Woman,Choose not to reply,18 and younger
209,2022,CMP 126,Not in a degree program,2,Man,Choose not to reply,18 and younger
210,2022,CMP 135,Exercise Science,1,Man,White/Caucasian,18 and younger
211,2022,CMP 101,Liberal Arts,3,Woman,White/Caucasian,19-20
212,2022,CMP 101,Other,3,Man,Hispanic or Latino,25-34
213,2022,CMP 135,Liberal Arts,1,Woman,Multi-Racial,19-20
214,2022,CMP 135,Criminal Justice,4,Woman,White/Caucasian,35-64
215,2022,CMP 135,Criminal Justice,1,Man,White/Caucasian,21-24
216,2022,CMP 135,Radiography,3,Woman,White/Caucasian,25-34
217,2022,CMP 101,Nursing,2,Woman,White/Caucasian,21-24
218,2022,CMP 101,Nursing,3,Man,Multi-Racial,21-24
219,2022,CMP 135,Exercise Science,2,Woman,Hispanic or Latino,19-20
220,2022,CMP 101,Liberal Arts,3,Prefer not to say,Choose not to reply,25-34
221,2022,CMP 126,Liberal Arts,3,Woman,Hispanic or Latino,19-20
222,2022,CMP 126,Other,3,Man,Black/African American,35-64
223,2022,CMP 101,Liberal Arts,1,Woman,White/Caucasian,19-20
224,2022,CMP 126,Psychology Related,2,Woman,White/Caucasian,25-34
225,2022,CMP 126,Criminal Justice,4,Man,White/Caucasian,18 and younger
226,2022,CMP 126,Liberal Arts,2,Prefer not to say,Multi-Racial,19-20
227,2022,CMP 126,Nursing,2,Woman,Multi-Racial,19-20
228,2022,CMP 126,Criminal Justice,2,Woman,White/Caucasian,18 and younger
229,2022,CMP 126,Art Technology Related,3,Man,Choose not to reply,19-20
230,2022,CMP 126,Liberal Arts,5,Woman,Hispanic or Latino,18 and younger
231,2022,CMP 126,Communication,2,Man,White/Caucasian,21-24
232,2022,CMP 126,Liberal Arts,2,Man,Black/African American,18 and younger
233,2022,CMP 126,Liberal Arts,3,Man,Choose not to reply,19-20
234,2022,CMP 126,Communication,1,Woman,White/Caucasian,19-20
235,2022,CMP 126,Other,3,Man,White/Caucasian,18 and younger
236,2022,CMP 126,Communication,2,Woman,White/Caucasian,18 and younger
237,2022,CMP 101,Nursing,3,Woman,White/Caucasian,18 and younger
238,2022,CMP 101,Nursing,2,Woman,White/Caucasian,19-20
239,2022,CMP 101,Other,3,Man,Black/African American,19-20
240,2022,CMP 101,Liberal Arts,3,Woman,Hispanic or Latino,25-34
241,2022,CMP 126,Liberal Arts,1,Woman,White/Caucasian,19-20
242,2022,CMP 126,Communication,1,Woman,White/Caucasian,19-20
243,2022,CMP 135,Criminal Justice,4,Man,Asian,21-24
244,2022,CMP 135,Criminal Justice,4,Man,White/Caucasian,21-24
245,2022,CMP 101,Nursing,4,Woman,Black/African American,21-24
246,2022,CMP 126,Radiography,2,Man,Black/African American,19-20
247,2022,CMP 135,Radiography,1,Woman,White/Caucasian,18 and younger
248,2022,CMP 135,Other,3,Woman,Hispanic or Latino,25-34
249,2022,CMP 135,Other,3,Man,White/Caucasian,19-20
250,2022,CMP 135,Art Technology Related,5,Man,White/Caucasian,18 and younger
251,2022,CMP 135,Art Technology Related,3,Man,Hispanic or Latino,18 and younger
252,2022,CMP 135,Liberal Arts,3,Woman,Multi-Racial,19-20
253,2022,CMP 135,Liberal Arts,2,Woman,Multi-Racial,18 and younger
254,2022,CMP 135,Radiography,4,Woman,Hispanic or Latino,18 and younger
255,2022,CMP 135,Psychology Related,1,Woman,Hispanic or Latino,19-20
256,2022,CMP 135,Criminal Justice,3,Man,Hispanic or Latino,19-20
257,2022,CMP 135,Radiography,5,Man,Black/African American,35-64
258,2022,CMP 135,Not in a degree program,4,Man,White/Caucasian,21-24
259,2022,CMP 101,Other,3,Woman,Multi-Racial,18 and younger
260,2022,CMP 135,Not in a degree program,3,Man,White/Caucasian,19-20
261,2022,CMP 126,Liberal Arts,3,Man,Black/African American,18 and younger
262,2022,CMP 135,Radiography,3,Man,Hispanic or Latino,21-24
263,2022,CMP 135,Radiography,3,Man,Multi-Racial,25-34
264,2022,CMP 135,Psychology Related,3,Woman,White/Caucasian,19-20
265,2022,CMP 135,Criminal Justice,3,Woman,White/Caucasian,19-20
266,2022,CMP 135,Psychology Related,2,Woman,White/Caucasian,19-20
267,2022,CMP 135,Psychology Related,2,Woman,White/Caucasian,19-20
268,2022,CMP 135,Nursing,3,Woman,White/Caucasian,19-20
269,2022,CMP 135,Radiography,3,Man,Multi-Racial,25-34
270,2022,CMP 135,Psychology Related,3,Woman,White/Caucasian,19-20
271,2022,CMP 135,Criminal Justice,3,Man,White/Caucasian,19-20
272,2022,CMP 135,Criminal Justice,3,Man,Hispanic or Latino,19-20
273,2022,CMP 101,Radiography,3,Woman,White/Caucasian,19-20
274,2022,CMP 135,Exercise Science,3,Man,Hispanic or Latino,19-20
275,2022,CMP 135,Art Technology Related,3,Man,Black/African American,25-34
276,2022,CMP 135,Radiography,3,Woman,Asian,21-24
277,2022,CMP 135,Radiography,2,Man,Hispanic or Latino,21-24
278,2022,CMP 135,Exercise Science,1,Man,Multi-Racial,21-24
279,2022,CMP 135,Liberal Arts,3,Woman,Hispanic or Latino,19-20
280,2022,CMP 135,Exercise Science,3,Woman,Hispanic or Latino,19-20
281,2022,CMP 135,Criminal Justice,2,Man,White/Caucasian,25-34
282,2022,CMP 135,Criminal Justice,3,Woman,Multi-Racial,18 and younger
283,2022,CMP 101,Exercise Science,3,Man,Hispanic or Latino,18 and younger
284,2022,CMP 135,Exercise Science,1,Woman,White/Caucasian,25-34
285,2022,CMP 135,Exercise Science,3,Man,White/Caucasian,19-20
286,2022,CMP 126,Other,2,Man,Multi-Racial,21-24
287,2022,CMP 126,Communication,2,Man,White/Caucasian,25-34
288,2022,CMP 101,Psychology Related,3,Woman,White/Caucasian,19-20
289,2022,CMP 101,Nursing,1,Woman,White/Caucasian,18 and younger
290,2022,CMP 101,Liberal Arts,1,Man,Hispanic or Latino,21-24
291,2022,CMP 101,Art Technology Related,2,Man,Multi-Racial,18 and younger
292,2022,CMP 135,Other,5,Man,White/Caucasian,19-20
293,2022,CMP 101,Not in a degree program,5,Man,Asian,25-34
294,2022,CMP 135,Criminal Justice,1,Man,Asian,19-20
295,2022,CMP 135,Criminal Justice,2,Man,White/Caucasian,18 and younger
296,2022,CMP 135,Criminal Justice,2,Woman,Asian,18 and younger
297,2022,CMP 135,Criminal Justice,2,Woman,Asian,18 and younger
298,2022,CMP 135,Criminal Justice,3,Woman,Black/African American,18 and younger
299,2022,CMP 135,Criminal Justice,3,Woman,White/Caucasian,18 and younger
300,2022,CMP 135,Criminal Justice,2,Woman,White/Caucasian,18 and younger
301,2022,CMP 135,Criminal Justice,2,Woman,White/Caucasian,18 and younger
302,2022,CMP 135,Criminal Justice,1,Woman,Asian,18 and younger
303,2022,CMP 135,Criminal Justice,3,Woman,Multi-Racial,18 and younger
304,2022,CMP 135,Criminal Justice,2,Woman,Multi-Racial,18 and younger
305,2022,CMP 135,Criminal Justice,1,Woman,Asian,18 and younger
306,2022,CMP 135,Criminal Justice,2,Woman,Asian,18 and younger
307,2022,CMP 135,Criminal Justice,3,Woman,White/Caucasian,18 and younger
308,2022,CMP 135,Criminal Justice,1,Woman,White/Caucasian,18 and younger
309,2022,CMP 135,Criminal Justice,3,Woman,Hispanic or Latino,18 and younger
310,2022,CMP 135,Criminal Justice,1,Woman,Multi-Racial,18 and younger
311,2022,CMP 135,Other,3,Man,Hispanic or Latino,35-64
312,2022,CMP 135,Radiography,5,Woman,Black/African American,25-34
313,2022,CMP 135,Criminal Justice,5,Woman,Multi-Racial,18 and younger
314,2022,CMP 135,Criminal Justice,1,Man,Asian,18 and younger
315,2022,CMP 135,Criminal Justice,2,Man,White/Caucasian,21-24
316,2022,CMP 135,Radiography,4,Woman,Hispanic or Latino,18 and younger
317,2022,CMP 135,Radiography,1,Woman,Hispanic or Latino,21-24
318,2022,CMP 135,Exercise Science,1,Man,Black/African American,18 and younger
319,2022,CMP 135,Art Technology Related,1,Woman,White/Caucasian,21-24
320,2022,CMP 135,Radiography,3,Man,Asian,21-24
321,2022,CMP 135,Radiography,1,Woman,Hispanic or Latino,18 and younger
322,2022,CMP 135,Other,3,Woman,Hispanic or Latino,21-24
323,2022,CMP 135,Exercise Science,2,Woman,Multi-Racial,21-24
324,2022,CMP 135,Other,1,Woman,Multi-Racial,19-20
325,2022,CMP 135,Radiography,4,Man,Hispanic or Latino,19-20
326,2022,CMP 135,Other,2,Woman,Hispanic or Latino,35-64
327,2022,CMP 135,Criminal Justice,3,Woman,Hispanic or Latino,19-20
328,2021,CMP 126,Criminal Justice,3,Woman,Choose not to reply,65+
329,2021,CMP 126,Art Technology Related,1,Non-binary,Multi-Racial,19-20
330,2021,CMP 126,Liberal Arts,3,Man,Hispanic or Latino,19-20
331,2021,CMP 101,Nursing,1,Woman,White/Caucasian,19-20
332,2021,CMP 126,Psychology Related,3,Woman,White/Caucasian,19-20
333,2021,CMP 126,Other,1,Woman,White/Caucasian,21-24
334,2021,CMP 126,Communication,1,Woman,White/Caucasian,19-20
335,2021,CMP 126,Criminal Justice,3,Woman,Choose not to reply,35-64
336,2021,CMP 126,Liberal Arts,3,Woman,Hispanic or Latino,35-64
337,2021,CMP 126,Not in a degree program,2,Woman,Multi-Racial,18 and younger
338,2021,CMP 126,Liberal Arts,1,Woman,White/Caucasian,35-64
339,2021,CMP 101,Nursing,3,Woman,Hispanic or Latino,19-20
340,2021,CMP 126,Liberal Arts,3,Woman,White/Caucasian,19-20
341,2021,CMP 135,Criminal Justice,1,Man,Asian,19-20
342,2021,CMP 135,Exercise Science,3,Prefer not to say,Choose not to reply,19-20
343,2021,CMP 126,Liberal Arts,2,Woman,Asian,18 and younger
344,2021,CMP 135,Radiography,2,Woman,White/Caucasian,25-34
345,2021,CMP 126,Liberal Arts,5,Woman,Hispanic or Latino,19-20
346,2021,CMP 126,Criminal Justice,2,Man,White/Caucasian,18 and younger
347,2021,CMP 126,Communication,3,Woman,White/Caucasian,35-64
348,2021,CMP 126,Other,3,Woman,White/Caucasian,35-64
349,2021,CMP 135,Radiography,3,Man,White/Caucasian,25-34
350,2021,CMP 101,Nursing,3,Woman,Hispanic or Latino,25-34
351,2021,CMP 126,Other,3,Man,White/Caucasian,19-20
352,2021,CMP 126,Psychology Related,3,Woman,White/Caucasian,21-24
353,2021,CMP 126,Nursing,4,Woman,Multi-Racial,21-24
354,2021,CMP 126,Art Technology Related,5,Man,White/Caucasian,21-24
355,2021,CMP 126,Nursing,2,Woman,White/Caucasian,19-20
356,2021,CMP 126,Liberal Arts,1,Woman,White/Caucasian,21-24
357,2021,CMP 126,Liberal Arts,2,Woman,White/Caucasian,19-20
358,2021,CMP 126,Other,4,Man,Asian,21-24
359,2021,CMP 126,Other,2,Woman,White/Caucasian,19-20
360,2021,CMP 126,Other,4,Man,White/Caucasian,19-20
361,2021,CMP 126,Art Technology Related,3,Man,White/Caucasian,18 and younger
362,2021,CMP 126,Art Technology Related,2,Man,White/Caucasian,19-20
363,2021,CMP 126,Other,2,Woman,Hispanic or Latino,19-20
364,2021,CMP 126,Communication,1,Man,White/Caucasian,21-24
365,2021,CMP 126,Communication,2,Woman,White/Caucasian,18 and younger
366,2021,CMP 101,Liberal Arts,4,Woman,White/Caucasian,19-20
367,2021,CMP 126,Liberal Arts,1,Man,White/Caucasian,25-34
368,2021,CMP 101,Nursing,5,Woman,Choose not to reply,25-34
369,2021,CMP 101,Nursing,5,Woman,Choose not to reply,25-34
370,2021,CMP 135,Liberal Arts,3,Man,Black/African American,19-20
371,2021,CMP 126,Liberal Arts,3,Man,Hispanic or Latino,19-20
372,2021,CMP 101,Nursing,4,Woman,Choose not to reply,25-34
373,2021,CMP 126,Not in a degree program,4,Man,White/Caucasian,21-24
374,2021,CMP 101,Radiography,3,Man,Hispanic or Latino,18 and younger
375,2021,CMP 135,Art Technology Related,3,Man,Hispanic or Latino,19-20
376,2021,CMP 101,Nursing,2,Woman,Hispanic or Latino,18 and younger
377,2021,CMP 126,Criminal Justice,2,Man,Hispanic or Latino,18 and younger
378,2021,CMP 126,Psychology Related,1,Woman,White/Caucasian,19-20
379,2021,CMP 135,Other,3,Man,White/Caucasian,18 and younger
380,2021,CMP 135,Radiography,3,Woman,White/Caucasian,25-34
381,2021,CMP 126,Criminal Justice,2,Woman,Multi-Racial,19-20
382,2021,CMP 126,Criminal Justice,2,Woman,Multi-Racial,19-20
383,2021,CMP 135,Radiography,2,Man,Hispanic or Latino,35-64
384,2021,CMP 126,Liberal Arts,3,Woman,Choose not to reply,19-20
385,2021,CMP 126,Psychology Related,3,Woman,White/Caucasian,21-24
386,2021,CMP 135,Exercise Science,2,Man,White/Caucasian,18 and younger
387,2021,CMP 126,Psychology Related,3,Woman,White/Caucasian,25-34
388,2021,CMP 101,Liberal Arts,3,Man,Choose not to reply,19-20
389,2021,CMP 126,Liberal Arts,2,Woman,White/Caucasian,19-20
390,2021,CMP 126,Other,2,Prefer not to say,Hispanic or Latino,21-24
391,2021,CMP 126,Liberal Arts,1,Woman,Hispanic or Latino,19-20
392,2021,CMP 101,Nursing,3,Woman,Black/African American,35-64
393,2021,CMP 135,Exercise Science,3,Woman,White/Caucasian,21-24
394,2021,CMP 101,Liberal Arts,1,Woman,White/Caucasian,19-20
395,2021,CMP 135,Nursing,4,Woman,White/Caucasian,19-20
396,2021,CMP 135,Other,1,Man,Black/African American,25-34
397,2021,CMP 135,Radiography,3,Woman,Hispanic or Latino,21-24
398,2021,CMP 135,Other,2,Woman,Hispanic or Latino,19-20
399,2021,CMP 135,Criminal Justice,1,Man,Hispanic or Latino,19-20
400,2021,CMP 101,Nursing,5,Woman,White/Caucasian,19-20
401,2021,CMP 126,Communication,4,Woman,Multi-Racial,35-64
402,2021,CMP 135,Radiography,1,Man,White/Caucasian,21-24
403,2021,CMP 135,Radiography,5,Woman,White/Caucasian,35-64
404,2021,CMP 135,Exercise Science,4,Man,White/Caucasian,65+
405,2021,CMP 101,Other,2,Woman,Hispanic or Latino,19-20
406,2021,CMP 135,Radiography,2,Woman,White/Caucasian,18 and younger
407,2021,CMP 126,Criminal Justice,2,Man,Hispanic or Latino,19-20
408,2021,CMP 135,Radiography,1,Woman,Black/African American,18 and younger
409,2021,CMP 135,Exercise Science,3,Woman,White/Caucasian,19-20
410,2021,CMP 101,Liberal Arts,4,Woman,White/Caucasian,19-20
411,2021,CMP 135,Radiography,2,Woman,Choose not to reply,25-34
412,2021,CMP 135,Not in a degree program,5,Man,Black/African American,25-34
413,2021,CMP 126,Not in a degree program,5,Man,Asian,35-64
414,2021,CMP 135,Liberal Arts,4,Man,White/Caucasian,21-24
415,2021,CMP 135,Criminal Justice,3,Man,Hispanic or Latino,19-20
416,2021,CMP 126,Psychology Related,2,Woman,Hispanic or Latino,21-24
417,2021,CMP 126,Other,4,Woman,Hispanic or Latino,19-20
418,2021,CMP 135,Not in a degree program,5,Man,Asian,35-64
419,2021,CMP 135,Radiography,2,Woman,Hispanic or Latino,18 and younger
420,2021,CMP 135,Radiography,2,Man,Hispanic or Latino,19-20
421,2021,CMP 126,Art Technology Related,2,Woman,White/Caucasian,21-24
422,2021,CMP 126,Liberal Arts,3,Woman,Hispanic or Latino,18 and younger
423,2021,CMP 135,Criminal Justice,3,Man,Hispanic or Latino,19-20
424,2021,CMP 126,Communication,3,Man,White/Caucasian,19-20
425,2021,CMP 101,Liberal Arts,5,Man,White/Caucasian,25-34
426,2021,CMP 101,Other,4,Woman,Hispanic or Latino,25-34
427,2021,CMP 126,Nursing,1,Woman,White/Caucasian,19-20
428,2021,CMP 101,Nursing,2,Woman,Black/African American,19-20
429,2021,CMP 126,Art Technology Related,4,Man,White/Caucasian,25-34
430,2021,CMP 101,Liberal Arts,4,Woman,Hispanic or Latino,21-24
431,2021,CMP 135,Psychology Related,3,Woman,White/Caucasian,19-20
432,2021,CMP 101,Nursing,3,Woman,Multi-Racial,19-20
433,2021,CMP 126,Other,5,Man,White/Caucasian,18 and younger
434,2021,CMP 135,Radiography,3,Non-binary,Choose not to reply,21-24
435,2021,CMP 135,Psychology Related,1,Woman,White/Caucasian,19-20
436,2021,CMP 101,Nursing,3,Woman,Black/African American,18 and younger
437,2021,CMP 126,Other,3,Woman,Hispanic or Latino,19-20
438,2021,CMP 126,Criminal Justice,1,Man,Multi-Racial,19-20
439,2021,CMP 135,Other,3,Man,White/Caucasian,19-20
440,2021,CMP 135,Radiography,1,Woman,White/Caucasian,21-24
441,2021,CMP 101,Nursing,5,Woman,Asian,25-34
442,2021,CMP 126,Liberal Arts,3,Woman,Hispanic or Latino,19-20
443,2021,CMP 101,Nursing,3,Woman,Hispanic or Latino,18 and younger
444,2021,CMP 135,Radiography,5,Woman,White/Caucasian,25-34
445,2021,CMP 101,Liberal Arts,1,Man,Hispanic or Latino,21-24
446,2021,CMP 135,Criminal Justice,3,Woman,Multi-Racial,19-20
447,2021,CMP 135,Radiography,3,Man,Black/African American,25-34
448,2021,CMP 135,Liberal Arts,2,Woman,White/Caucasian,19-20
449,2021,CMP 135,Radiography,3,Woman,White/Caucasian,21-24
450,2020,CMP 135,Criminal Justice,3,Woman,White/Caucasian,35-64
451,2020,CMP 135,Radiography,1,Woman,White/Caucasian,21-24
452,2020,CMP 135,Other,5,Man,Multi-Racial,25-34
453,2020,CMP 135,Criminal Justice,1,Woman,White/Caucasian,21-24
454,2020,CMP 135,Radiography,5,Man,Hispanic or Latino,25-34
455,2020,CMP 135,Exercise Science,3,Man,Choose not to reply,19-20
456,2020,CMP 135,Criminal Justice,5,Woman,White/Caucasian,19-20
457,2020,CMP 135,Radiography,4,Woman,White/Caucasian,19-20
458,2020,CMP 135,Other,4,Man,Multi-Racial,19-20
459,2020,CMP 135,Other,2,Woman,White/Caucasian,35-64
460,2020,CMP 135,Radiography,2,Woman,White/Caucasian,21-24
461,2020,CMP 135,Criminal Justice,2,Man,Hispanic or Latino,19-20
462,2020,CMP 101,Other,5,Woman,White/Caucasian,35-64
463,2020,CMP 101,Psychology Related,3,Woman,White/Caucasian,21-24
464,2020,CMP 126,Criminal Justice,2,Man,Multi-Racial,19-20
465,2020,CMP 126,Liberal Arts,3,Woman,White/Caucasian,19-20
466,2020,CMP 126,Psychology Related,2,Woman,White/Caucasian,25-34
467,2020,CMP 126,Other,2,Man,White/Caucasian,25-34
468,2020,CMP 126,Not in a degree program,4,Man,White/Caucasian,19-20
469,2020,CMP 126,Liberal Arts,2,Woman,White/Caucasian,19-20
470,2020,CMP 126,Psychology Related,1,Woman,Black/African American,25-34
471,2020,CMP 126,Criminal Justice,1,Man,White/Caucasian,21-24
472,2020,CMP 126,Not in a degree program,3,Man,White/Caucasian,18 and younger
473,2020,CMP 126,Psychology Related,2,Woman,Multi-Racial,19-20
474,2020,CMP 126,Psychology Related,1,Man,White/Caucasian,21-24
475,2020,CMP 101,Nursing,1,Woman,Hispanic or Latino,25-34
476,2020,CMP 126,Criminal Justice,4,Man,Asian,18 and younger
477,2020,CMP 126,Other,3,Woman,Hispanic or Latino,19-20
478,2020,CMP 101,Nursing,3,Woman,White/Caucasian,25-34
479,2020,CMP 101,Other,2,Woman,Asian,21-24
480,2020,CMP 101,Other,2,Woman,White/Caucasian,18 and younger
481,2020,CMP 126,Other,3,Man,White/Caucasian,19-20
482,2020,CMP 101,Other,3,Woman,White/Caucasian,19-20
483,2020,CMP 126,Not in a degree program,2,Woman,White/Caucasian,18 and younger
484,2020,CMP 101,Nursing,1,Woman,White/Caucasian,21-24
485,2020,CMP 101,Liberal Arts,1,Prefer not to say,Choose not to reply,21-24
486,2020,CMP 101,Nursing,1,Woman,White/Caucasian,21-24
487,2020,CMP 126,Other,1,Woman,White/Caucasian,19-20
488,2020,CMP 101,Other,2,Woman,White/Caucasian,19-20
489,2020,CMP 126,Art Technology Related,3,Woman,Multi-Racial,18 and younger
490,2020,CMP 101,Not in a degree program,2,Man,White/Caucasian,19-20
491,2020,CMP 126,Communication,3,Woman,White/Caucasian,21-24
492,2020,CMP 126,Psychology Related,1,Woman,White/Caucasian,19-20
493,2020,CMP 126,Other,3,Woman,White/Caucasian,25-34
494,2020,CMP 126,Psychology Related,4,Woman,White/Caucasian,19-20
495,2020,CMP 126,Other,2,Woman,White/Caucasian,18 and younger
496,2020,CMP 101,Nursing,3,Woman,White/Caucasian,21-24
497,2020,CMP 101,Other,2,Woman,White/Caucasian,18 and younger
498,2020,CMP 126,Liberal Arts,3,Woman,White/Caucasian,19-20
499,2020,CMP 126,Liberal Arts,3,Man,White/Caucasian,19-20
500,2020,CMP 126,Other,3,Man,White/Caucasian,21-24
501,2020,CMP 135,Other,3,Man,White/Caucasian,19-20
502,2020,CMP 126,Psychology Related,2,,Hispanic or Latino,19-20
503,2020,CMP 135,Other,2,Woman,White/Caucasian,18 and younger
504,2020,CMP 126,Other,1,Man,White/Caucasian,19-20
505,2020,CMP 101,Nursing,2,Woman,White/Caucasian,21-24
506,2020,CMP 126,Other,1,Woman,White/Caucasian,21-24
507,2020,CMP 101,Liberal Arts,2,Man,Black/African American,19-20
508,2020,CMP 126,Other,1,Woman,White/Caucasian,19-20
509,2020,CMP 135,Criminal Justice,2,Man,White/Caucasian,25-34
510,2020,CMP 135,Exercise Science,1,Man,Hispanic or Latino,19-20
511,2020,CMP 101,Criminal Justice,2,Man,White/Caucasian,19-20
512,2020,CMP 101,Other,4,Woman,White/Caucasian,21-24
513,2020,CMP 135,Criminal Justice,4,Man,Hispanic or Latino,19-20
514,2020,CMP 135,Criminal Justice,1,Woman,White/Caucasian,19-20
515,2020,CMP 135,Art Technology Related,5,Man,White/Caucasian,19-20
516,2020,CMP 135,Criminal Justice,2,Woman,White/Caucasian,19-20
517,2020,CMP 135,Other,4,Woman,White/Caucasian,19-20
518,2020,CMP 101,Criminal Justice,2,Man,White/Caucasian,19-20
519,2020,CMP 101,Other,3,Woman,Black/African American,25-34
520,2020,CMP 101,Not in a degree program,1,Man,White/Caucasian,21-24
521,2020,CMP 135,Criminal Justice,1,Man,White/Caucasian,21-24
522,2020,CMP 135,Exercise Science,1,Woman,White/Caucasian,25-34
523,2020,CMP 126,Communication,1,Woman,White/Caucasian,21-24
524,2020,CMP 135,Other,2,Woman,White/Caucasian,19-20
525,2020,CMP 126,Other,2,Woman,White/Caucasian,21-24
526,2020,CMP 135,Criminal Justice,1,Woman,White/Caucasian,18 and younger
527,2020,CMP 135,Psychology Related,1,Woman,White/Caucasian,19-20
528,2020,CMP 135,Radiography,3,Woman,White/Caucasian,21-24
529,2020,CMP 135,Other,4,Woman,White/Caucasian,35-64
530,2020,CMP 135,Other,1,Woman,White/Caucasian,18 and younger
531,2020,CMP 135,Other,2,Woman,White/Caucasian,19-20
532,2020,CMP 126,Psychology Related,2,Woman,Hispanic or Latino,21-24
533,2020,CMP 135,Exercise Science,3,Woman,White/Caucasian,35-64
534,2020,CMP 135,Exercise Science,1,Woman,White/Caucasian,19-20
535,2020,CMP 135,Exercise Science,1,Woman,White/Caucasian,19-20
536,2020,CMP 126,Criminal Justice,4,Man,White/Caucasian,65+
537,2020,CMP 135,Criminal Justice,3,Man,Hispanic or Latino,19-20
538,2020,CMP 135,Radiography,3,Woman,Hispanic or Latino,21-24
539,2020,CMP 126,Other,2,Woman,White/Caucasian,19-20
540,2020,CMP 101,Nursing,1,Woman,White/Caucasian,35-64
541,2020,CMP 126,Art Technology Related,2,Man,White/Caucasian,21-24
542,2020,CMP 135,Radiography,1,Woman,Multi-Racial,19-20
543,2020,CMP 101,Other,4,Woman,White/Caucasian,21-24
544,2020,CMP 135,Radiography,1,Woman,Hispanic or Latino,19-20
545,2020,CMP 126,Other,2,Woman,White/Caucasian,19-20
546,2020,CMP 126,Criminal Justice,1,Man,Multi-Racial,19-20
547,2020,CMP 101,Nursing,1,Prefer not to say,Choose not to reply,19-20
548,2020,CMP 101,Nursing,1,Prefer not to say,Choose not to reply,19-20
549,2020,CMP 126,Not in a degree program,3,Woman,White/Caucasian,18 and younger
550,2020,CMP 101,Nursing,2,Woman,White/Caucasian,25-34
551,2020,CMP 101,Nursing,2,Woman,White/Caucasian,25-34
552,2020,CMP 101,Nursing,1,Woman,White/Caucasian,21-24
553,2020,CMP 126,Not in a degree program,3,Prefer not to say,Choose not to reply,25-34
554,2020,CMP 126,Other,2,Man,White/Caucasian,19-20
555,2020,CMP 126,Criminal Justice,2,Woman,White/Caucasian,18 and younger
556,2020,CMP 126,Criminal Justice,2,Woman,White/Caucasian,18 and younger
557,2020,CMP 135,Nursing,1,Man,Hispanic or Latino,21-24
558,2020,CMP 126,Criminal Justice,4,Man,Multi-Racial,19-20
559,2020,CMP 135,Radiography,1,Woman,White/Caucasian,21-24
560,2020,CMP 135,Radiography,3,Woman,White/Caucasian,21-24
561,2020,CMP 126,Psychology Related,4,Woman,Hispanic or Latino,21-24
562,2020,CMP 135,Other,2,Woman,Multi-Racial,19-20
563,2020,CMP 101,Radiography,3,Woman,Hispanic or Latino,21-24
564,2020,CMP 135,Exercise Science,3,Man,White/Caucasian,19-20
565,2020,CMP 135,Radiography,3,Man,White/Caucasian,19-20
566,2020,CMP 101,Criminal Justice,1,Man,White/Caucasian,21-24
567,2020,CMP 135,Psychology Related,2,Woman,White/Caucasian,19-20
568,2020,CMP 135,Criminal Justice,3,Woman,Hispanic or Latino,19-20
569,2020,CMP 135,Art Technology Related,3,Man,Multi-Racial,19-20
570,2020,CMP 135,Criminal Justice,4,Woman,Multi-Racial,21-24
571,2020,CMP 135,Other,4,Woman,Black/African American,19-20
572,2020,CMP 135,Criminal Justice,3,Woman,White/Caucasian,21-24
573,2020,CMP 135,Criminal Justice,4,Woman,White/Caucasian,19-20
574,2020,CMP 135,Psychology Related,2,Woman,White/Caucasian,25-34
575,2020,CMP 135,Nursing,3,Woman,Black/African American,35-64
576,2020,CMP 135,Exercise Science,3,Man,White/Caucasian,25-34
577,2020,CMP 135,Nursing,3,Woman,Black/African American,35-64
578,2020,CMP 135,Exercise Science,5,Woman,Hispanic or Latino,19-20
579,2020,CMP 135,Art Technology Related,2,Woman,Asian,21-24
580,2020,CMP 135,Psychology Related,3,Woman,White/Caucasian,18 and younger
581,2020,CMP 126,Liberal Arts,3,Man,Hispanic or Latino,19-20
582,2020,CMP 135,Exercise Science,3,Man,White/Caucasian,25-34
583,2020,CMP 126,Criminal Justice,2,Woman,White/Caucasian,18 and younger
584,2020,CMP 135,Radiography,2,Woman,White/Caucasian,25-34
585,2020,CMP 126,Not in a degree program,3,Man,White/Caucasian,19-20
586,2020,CMP 126,Other,2,Man,White/Caucasian,19-20
587,2020,CMP 126,Psychology Related,2,Woman,Multi-Racial,19-20
588,2020,CMP 126,Liberal Arts,2,Woman,White/Caucasian,19-20
589,2020,CMP 126,Not in a degree program,1,Man,White/Caucasian,19-20
590,2020,CMP 126,Psychology Related,2,Woman,White/Caucasian,19-20
591,2020,CMP 126,Psychology Related,2,Woman,White/Caucasian,25-34
592,2020,CMP 126,Other,3,Man,Multi-Racial,21-24
593,2020,CMP 126,Communication,3,Man,Hispanic or Latino,19-20
594,2020,CMP 126,Art Technology Related,4,Woman,White/Caucasian,19-20
595,2020,CMP 126,Communication,4,Man,Hispanic or Latino,21-24
596,2020,CMP 126,Other,4,Man,Hispanic or Latino,19-20
597,2020,CMP 126,Other,1,Man,Choose not to reply,21-24
598,2020,CMP 126,Nursing,1,Woman,Black/African American,35-64
599,2020,CMP 135,Other,4,Man,Multi-Racial,18 and younger
600,2020,CMP 126,Liberal Arts,1,Man,White/Caucasian,21-24
601,2020,CMP 101,Nursing,2,Woman,Hispanic or Latino,25-34
602,2020,CMP 135,Radiography,2,Woman,White/Caucasian,18 and younger
603,2020,CMP 135,Liberal Arts,2,Woman,Multi-Racial,18 and younger
604,2020,CMP 135,Psychology Related,3,Woman,Hispanic or Latino,19-20
605,2020,CMP 135,Criminal Justice,3,Woman,Hispanic or Latino,19-20
606,2020,CMP 135,Criminal Justice,2,Woman,White/Caucasian,19-20
607,2020,CMP 135,Art Technology Related,1,Man,Hispanic or Latino,21-24
608,2020,CMP 135,Nursing,1,Woman,White/Caucasian,19-20
609,2020,CMP 135,Radiography,3,Woman,Asian,21-24
610,2020,CMP 135,Liberal Arts,2,Man,Black/African American,18 and younger
611,2020,CMP 135,Psychology Related,1,Woman,White/Caucasian,19-20
612,2020,CMP 135,Art Technology Related,3,Man,White/Caucasian,18 and younger
613,2020,CMP 135,Criminal Justice,1,I do not identify,White/Caucasian,19-20
614,2020,CMP 135,Other,5,Man,Hispanic or Latino,18 and younger
615,2020,CMP 126,Liberal Arts,3,Man,Asian,19-20
616,2020,CMP 126,Other,3,Woman,White/Caucasian,19-20
617,2020,CMP 135,Criminal Justice,1,Man,White/Caucasian,19-20
618,2020,CMP 126,Art Technology Related,3,Man,Choose not to reply,21-24
619,2020,CMP 126,Other,5,Man,Asian,21-24
620,2020,CMP 126,Liberal Arts,2,Man,White/Caucasian,21-24
621,2020,CMP 135,Criminal Justice,3,Woman,White/Caucasian,21-24
622,2020,CMP 126,Other,2,Man,Black/African American,21-24
623,2020,CMP 126,Other,3,Man,White/Caucasian,18 and younger
624,2020,CMP 126,Liberal Arts,3,Woman,Hispanic or Latino,25-34
625,2020,CMP 101,Nursing,3,Woman,Black/African American,19-20
626,2020,CMP 126,Communication,2,Man,White/Caucasian,25-34
627,2020,CMP 135,Radiography,3,Woman,Choose not to reply,19-20
628,2020,CMP 135,Exercise Science,2,Woman,White/Caucasian,19-20
629,2020,CMP 101,Other,5,Woman,White/Caucasian,19-20
630,2020,CMP 101,Criminal Justice,5,Man,White/Caucasian,18 and younger
631,2020,CMP 135,Psychology Related,5,Woman,White/Caucasian,21-24
632,2020,CMP 135,Art Technology Related,2,Man,White/Caucasian,19-20
633,2020,CMP 135,Criminal Justice,3,Man,White/Caucasian,19-20
634,2020,CMP 135,Radiography,4,Woman,Asian,35-64
635,2020,CMP 135,Other,3,Woman,Black/African American,19-20
636,2020,CMP 135,Other,3,Woman,Multi-Racial,19-20
637,2020,CMP 135,Psychology Related,3,Woman,Hispanic or Latino,19-20
638,2020,CMP 135,Art Technology Related,3,Man,White/Caucasian,18 and younger
639,2020,CMP 135,Criminal Justice,5,Man,Hispanic or Latino,21-24
640,2020,CMP 135,Radiography,3,Woman,White/Caucasian,18 and younger
641,2020,CMP 135,Liberal Arts,1,Woman,White/Caucasian,19-20
642,2020,CMP 135,Criminal Justice,3,Man,White/Caucasian,19-20
643,2020,CMP 135,Radiography,2,Woman,White/Caucasian,19-20
644,2020,CMP 126,Communication,2,Woman,Hispanic or Latino,19-20
645,2020,CMP 135,Criminal Justice,2,Man,Choose not to reply,19-20
646,2020,CMP 135,Radiography,1,Man,Hispanic or Latino,19-20
647,2020,CMP 135,Psychology Related,3,Woman,White/Caucasian,19-20
648,2020,CMP 135,Criminal Justice,1,Woman,White/Caucasian,19-20
649,2020,CMP 101,Nursing,4,Man,Multi-Racial,18 and younger
650,2020,CMP 126,Liberal Arts,4,Man,White/Caucasian,19-20
651,2020,CMP 126,Communication,4,Woman,Multi-Racial,21-24
